temperature,rpm,vibration
102.361,2529.489,0.46011304226863364
103.42,2526.85,0.04370493764907308
108.55,2540.043,0.25067555979279516
105.485,2530.752,0.4148649641613405
105.041,2525.848,0.48118548085165064
100.958,2534.705,0.5125505481249736
101.597,2549.622,0.3249879727444198
105.203,2534.123,0.14314942876927458
