{"LHL01": {"performance_log": {"temperature": [44.76827921728517]\n"rpm": [2476.266129213037]\n"vibration": [[0.1170996020352803, 0.05437457382296429, -0.022293150828539415, 0.012765687404516196, -0.16394133034399863, -0.10519040089592974, 0.09273487676342623, -0.07627204096153514, -0.15055272578682957, -0.0070330974415626635, -0.03861993716945336, -0.030896974627231316, -0.07319605322093165, -0.06377325152342582, -0.02285664498004733, -0.07875033994191459, -0.02685738164325374, 0.041472461616321676, 0.09025844488674117, -0.0260846819075084, 0.06986789367526619, -0.05898154698744516, 0.128719655109097, 0.07042093531732244, 0.033283231491019666, -0.017810308176977735, -0.1493487936050329, 0.007806969752941623, -0.009703167397508955, 0.05015737447026783, -0.1607986782527696, -0.10389705191711529, 0.15465399719467343, -0.008523839414920603, -0.08102481318485077, 0.12032686984920565, 0.015067485601489378, 0.10334576972943021, -0.021649021461399992, 0.08260394382446618, 0.04497310657641698, 0.08013718243096099, -0.06318055021983567, -0.025818988107059654, 0.023478982289620615, 0.09215655357827057, -0.1496894662985796, -0.11667230638444262, 0.13067423341643541, -0.08085114509131422, 0.08248859009420151, 0.10160994327787348, 0.08801874577160046, -0.09289326432656626, 0.11925770299111693, -0.1327846278472239, -0.13484877872072998, 0.1663769223469891, 0.015704327804144103, -0.044159815206451666, 0.1596886392509288, -0.016167108013690895, -0.042986394245973836, -0.06698183195169298, -0.14217516041857764, -0.0059876070958369, 0.07198157432867525, -0.12916423577207314, -0.008590874963815998, 0.02658323975832469, 0.10010284772133576, -0.1635542660701931, 0.013736398347919732, 0.14828838827472735, -0.022469524938699664, 0.15597223032722773, 0.14278927984650414, -0.09830357226906132, 0.061810948096239465, -0.056307581932641806, 0.14726076957893913, -0.06690838320093101, -0.004968185851911638, 0.021956474649465346, -0.1048206345268752, -0.16468342043470477, 0.012515560210013321, 0.15365168860516315, -0.03790731279578846, -0.16414528378590845, -0.00973483192388111, -0.16244999349490402, 0.05831546054585543, -0.07726471793476584, -0.12613898977646218, -0.11083566580492259, -0.02202296261794673, -0.11585891901064702, 0.06214533822853843, -0.07761375610586876, 0.019716165073882325, -0.07201729463253002, 0.09562393289428095, 0.07232364829313043, -0.15109308681253247, 0.019931236312203365, 0.11076695418299087, 0.14321618456741514, 0.1473003803987193, 0.11292271958004213, -0.02624635472225348, -0.035333649189712574, -0.0541705203652391, -0.10456442055727515, -0.10346208195169682, 0.028144053664084984, 0.13403505263354043, 0.055418408939355096, -0.04422645096155496, -0.0695547390879418, 0.16384402935127496, 0.09217238821097384, -0.016494204296794213, -0.08408788039962993, -0.08410307227745514, 0.10184539930823766, -0.11497005977976778, -0.03261855537732841, -0.16182198945209197, 0.06715466689841695, 0.10077086580966926, -0.03798395355411291, -0.0375474970265566, -0.12530432535527333, 0.13147953963597703, -0.11839043023114132, 0.07157086110566382, 0.08606365034352526, -0.0020976882906386107, -0.16854397408269617, -0.041265198242832424, 0.08421678421530082, -0.13749583604329257, -0.10880638358570618, 0.024663958765834965, -0.1449007859074256, -0.06019077975951498, -0.12995935449707297, 0.15455912622603984, 0.10710567835282764, 0.009653298224619272, -0.11867502294961016, -0.07820860856344668, 0.11466225567280725, -0.01710235831357812, 0.14681067161345407, -0.07084597594931193, -0.11571710495256377, 0.056463979598269876, -0.018928072080147268, 0.09978154699309905, -0.12266581162508784, 0.10642726257299745, 0.14774694063130772, 0.056729389323538215, -0.13137994553675963, -0.1377332951357439, 0.1416166560460455, 0.009963117702486812, 0.05284487971730159, 0.12365294914762648, 0.09035864897305401, 0.029980846587244175, 0.16816852749300898, 0.06377770584105322, -0.13608612539151915, -0.14236347535057758, -0.14898495120467276, -0.01917505897105523, -0.05852819203456884, -0.060057227688569775, -0.025959854865754417, -0.1662333971803803, -0.012063835860227301, -0.16383574356095093, 0.15712274250303726, 0.15062457956342062, 0.022165387247191692, -0.05091345920198663, 0.003963548518018195, 0.16207666681125732, 0.03618309347710258, -0.14694618017130348, 0.04303608878002907, -0.12784941831427635, 0.10187264322565481, -0.012164213110242655, -0.16295108120429216, -0.1617969358040374, 0.010023021086905753]]}, "line": "LHL", "zona": "Zona A", "plant": "J2", "machine_id": "LHL01", "time_reference": "2023-05-19 07:55:42", "timedelta": 0, "length": 0}}


45.38974143445095, 43.932072210341666, 44.48444034434228, 42.54333976372028
48.16443835883598
41.79980684544543
42.497421960684086, 48.040108513790585, 45.354143134309105
40.55602951450984